,['60 TEATIME FAIRY CAKE CASES'],['BAKING SET 9 PIECE RETROSPOT'],['CARRIAGE'],['PACK OF 60 PINK PAISLEY CAKE CASES'],['REGENCY CAKESTAND 3 TIER'],['ROSES REGENCY TEACUP AND SAUCER'],['VINTAGE SNAP CARDS'],['WHITE HANGING HEART T-LIGHT HOLDER'],['DOLLY GIRL LUNCH BOX'],['FOLKART ZINC HEART CHRISTMAS DEC'],['FOOD CONTAINER SET 3 LOVE HEART'],['JUMBO BAG WOODLAND ANIMALS'],['LUNCH BAG SPACEBOY DESIGN'],['LUNCH BAG WOODLAND'],['MEMO BOARD COTTAGE DESIGN'],['PLASTERS IN TIN CIRCUS PARADE'],['PLASTERS IN TIN SPACEBOY'],['PLASTERS IN TIN WOODLAND ANIMALS'],['RED TOADSTOOL LED NIGHT LIGHT'],['ROUND SNACK BOXES SET OF 4 FRUITS'],['ROUND SNACK BOXES SET OF4 WOODLAND'],['SPACEBOY BIRTHDAY CARD'],['SPACEBOY LUNCH BOX'],['STRAWBERRY LUNCH BOX WITH CUTLERY'],['WOODLAND CHARLOTTE BAG'],"['DOLLY GIRL LUNCH BOX', 'SPACEBOY LUNCH BOX']","['ROUND SNACK BOXES SET OF 4 FRUITS', 'ROUND SNACK BOXES SET OF4 WOODLAND']","['ROUND SNACK BOXES SET OF4 WOODLAND', 'SPACEBOY LUNCH BOX']",['BREAD BIN DINER STYLE IVORY'],['CHILDRENS APRON APPLES DESIGN'],['DOORMAT WELCOME TO OUR HOME'],['FELTCRAFT DOLL MOLLY'],['FELTCRAFT DOLL ROSIE'],['JAM MAKING SET WITH JARS'],['MINT KITCHEN SCALES'],['PLASTERS IN TIN SKULLS'],['RECYCLING BAG RETROSPOT'],['RETROSPOT TEA SET CERAMIC 11 PC'],['SET OF 3 CAKE TINS PANTRY DESIGN'],['TOY TIDY PINK POLKADOT'],['TOY TIDY SPACEBOY'],"['FELTCRAFT DOLL MOLLY', 'FELTCRAFT DOLL ROSIE']",['4 TRADITIONAL SPINNING TOPS'],['ASSORTED COLOUR BIRD ORNAMENT'],['CHARLOTTE BAG SUKI DESIGN'],['COSMETIC BAG VINTAGE ROSE PAISLEY'],['JUMBO BAG PINK VINTAGE PAISLEY'],['JUMBO BAG RED RETROSPOT'],['JUMBO SHOPPER VINTAGE RED PAISLEY'],['LUNCH BAG CARS BLUE'],['LUNCH BAG DOLLY GIRL DESIGN'],['LUNCH BAG RED RETROSPOT'],['PINK VINTAGE PAISLEY PICNIC BAG'],['PLASTERS IN TIN VINTAGE PAISLEY'],['RECIPE BOX RETROSPOT'],['RED RETROSPOT CHARLOTTE BAG'],['RED SPOTTY BISCUIT TIN'],['WASH BAG VINTAGE ROSE PAISLEY'],"['JUMBO BAG PINK VINTAGE PAISLEY', 'JUMBO BAG RED RETROSPOT']","['JUMBO BAG PINK VINTAGE PAISLEY', 'JUMBO SHOPPER VINTAGE RED PAISLEY']","['JUMBO BAG PINK VINTAGE PAISLEY', 'LUNCH BAG CARS BLUE']","['JUMBO BAG PINK VINTAGE PAISLEY', 'LUNCH BAG RED RETROSPOT']","['JUMBO BAG RED RETROSPOT', 'LUNCH BAG RED RETROSPOT']","['JUMBO SHOPPER VINTAGE RED PAISLEY', 'LUNCH BAG CARS BLUE']","['LUNCH BAG CARS BLUE', 'LUNCH BAG RED RETROSPOT']",['ALARM CLOCK BAKELIKE CHOCOLATE'],['ALARM CLOCK BAKELIKE GREEN'],['ALARM CLOCK BAKELIKE IVORY'],['ALARM CLOCK BAKELIKE ORANGE'],['ALARM CLOCK BAKELIKE PINK'],['ALARM CLOCK BAKELIKE RED'],['BLUE HARMONICA IN BOX'],['CIRCUS PARADE LUNCH BOX'],['COWBOYS AND INDIANS BIRTHDAY CARD'],"['ELEPHANT, BIRTHDAY CARD,']",['GUMBALL COAT RACK'],['RED HEART SHAPE LOVE BUCKET'],['TEA PARTY BIRTHDAY CARD'],['VINTAGE KID DOLLY CARD'],"['ALARM CLOCK BAKELIKE GREEN', 'ALARM CLOCK BAKELIKE IVORY']","['ALARM CLOCK BAKELIKE GREEN', 'ALARM CLOCK BAKELIKE RED']","['ALARM CLOCK BAKELIKE IVORY', 'ALARM CLOCK BAKELIKE PINK']","['ALARM CLOCK BAKELIKE IVORY', 'ALARM CLOCK BAKELIKE RED']","['ALARM CLOCK BAKELIKE PINK', 'ALARM CLOCK BAKELIKE RED']","['CIRCUS PARADE LUNCH BOX', 'DOLLY GIRL LUNCH BOX']","['DOLLY GIRL LUNCH BOX', 'PLASTERS IN TIN CIRCUS PARADE']","['PLASTERS IN TIN CIRCUS PARADE', 'PLASTERS IN TIN SPACEBOY']","['ALARM CLOCK BAKELIKE GREEN', 'ALARM CLOCK BAKELIKE IVORY', 'ALARM CLOCK BAKELIKE RED']","['ALARM CLOCK BAKELIKE IVORY', 'ALARM CLOCK BAKELIKE PINK', 'ALARM CLOCK BAKELIKE RED']",['BLUE 3 PIECE MINI DOTS CUTLERY SET'],['CAKE STAND LOVEBIRD 2 TIER PINK'],['CHILDRENS CUTLERY POLKADOT BLUE'],['CHILDRENS CUTLERY POLKADOT PINK'],['SET/3 RED GINGHAM ROSE STORAGE BOX'],"['CHILDRENS CUTLERY POLKADOT BLUE', 'CHILDRENS CUTLERY POLKADOT PINK']",['CREAM SWEETHEART MINI CHEST'],['DOORMAT HOME SWEET HOME BLUE'],['DOORMAT RED RETROSPOT'],['DOORMAT UNION JACK GUNS AND ROSES'],['GLITTER BUTTERFLY CLIPS'],['HANGING HEART JAR T-LIGHT HOLDER'],['HOME BUILDING BLOCK WORD'],['IVORY KITCHEN SCALES'],['LOVE BUILDING BLOCK WORD'],['LUNCH BAG  BLACK SKULL.'],['MEMO BOARD RETROSPOT  DESIGN'],['PACK OF 6 BIRDY GIFT TAGS'],['PACK OF 72 RETRO SPOT CAKE CASES'],['PACK OF 72 RETROSPOT CAKE CASES'],"[""PAPER CHAIN KIT 50'S CHRISTMAS""]",['PARTY BUNTING'],['PLEASE ONE PERSON METAL SIGN'],['RED RETROSPOT CAKE STAND'],['SET 12 RETRO WHITE CHALK STICKS'],['SET OF 2 WOODEN MARKET CRATES'],['SET/20 RED RETROSPOT PAPER NAPKINS'],['SET/6 RED SPOTTY PAPER CUPS'],['SET/6 RED SPOTTY PAPER PLATES'],['VINTAGE UNION JACK BUNTING'],['WOODEN SCHOOL COLOURING SET'],"['GLITTER BUTTERFLY CLIPS', 'IVORY KITCHEN SCALES']","['HOME BUILDING BLOCK WORD', 'LOVE BUILDING BLOCK WORD']","['HOME BUILDING BLOCK WORD', 'PACK OF 72 RETROSPOT CAKE CASES']","['HOME BUILDING BLOCK WORD', 'RED RETROSPOT CAKE STAND']","['HOME BUILDING BLOCK WORD', 'REGENCY CAKESTAND 3 TIER']","['IVORY KITCHEN SCALES', 'REGENCY CAKESTAND 3 TIER']","['LOVE BUILDING BLOCK WORD', 'SET 12 RETRO WHITE CHALK STICKS']","['LUNCH BAG RED RETROSPOT', 'REGENCY CAKESTAND 3 TIER']","['PACK OF 72 RETROSPOT CAKE CASES', 'REGENCY CAKESTAND 3 TIER']","['RED RETROSPOT CAKE STAND', 'REGENCY CAKESTAND 3 TIER']","['SET/6 RED SPOTTY PAPER CUPS', 'SET/6 RED SPOTTY PAPER PLATES']","['HOME BUILDING BLOCK WORD', 'RED RETROSPOT CAKE STAND', 'REGENCY CAKESTAND 3 TIER']",['RED SPOTTY CUP'],['LUNCH BOX WITH CUTLERY RETROSPOT'],['RABBIT NIGHT LIGHT'],['RED RETROSPOT MINI CASES'],"['PLASTERS IN TIN CIRCUS PARADE', 'PLASTERS IN TIN WOODLAND ANIMALS']",['CHILDRENS CUTLERY SPACEBOY'],['DOORMAT SPOTTY HOME SWEET HOME'],['PLASTERS IN TIN STRONGMAN'],['RED RETROSPOT BOWL'],['SPOTTY BUNTING'],['WOODLAND  STICKERS'],"['PLASTERS IN TIN CIRCUS PARADE', 'ROUND SNACK BOXES SET OF4 WOODLAND']","['PLASTERS IN TIN SPACEBOY', 'PLASTERS IN TIN WOODLAND ANIMALS']","['PLASTERS IN TIN SPACEBOY', 'ROUND SNACK BOXES SET OF4 WOODLAND']","['PLASTERS IN TIN SPACEBOY', 'SPACEBOY BIRTHDAY CARD']","['PLASTERS IN TIN WOODLAND ANIMALS', 'ROUND SNACK BOXES SET OF4 WOODLAND']","['PLASTERS IN TIN WOODLAND ANIMALS', 'WOODLAND CHARLOTTE BAG']","['RED TOADSTOOL LED NIGHT LIGHT', 'ROUND SNACK BOXES SET OF4 WOODLAND']","['ROUND SNACK BOXES SET OF4 WOODLAND', 'SPACEBOY BIRTHDAY CARD']","['ROUND SNACK BOXES SET OF4 WOODLAND', 'WOODLAND  STICKERS']","['ROUND SNACK BOXES SET OF4 WOODLAND', 'WOODLAND CHARLOTTE BAG']","['PLASTERS IN TIN CIRCUS PARADE', 'PLASTERS IN TIN SPACEBOY', 'PLASTERS IN TIN WOODLAND ANIMALS']","['PLASTERS IN TIN SPACEBOY', 'PLASTERS IN TIN WOODLAND ANIMALS', 'ROUND SNACK BOXES SET OF4 WOODLAND']",['MINI PAINT SET VINTAGE'],['PACK OF 60 MUSHROOM CAKE CASES'],['PACK OF 60 SPACEBOY CAKE CASES'],['DOORMAT UNION FLAG'],['6 RIBBONS RUSTIC CHARM'],"['DOLLY GIRL LUNCH BOX', 'ROUND SNACK BOXES SET OF4 WOODLAND']","['LUNCH BAG WOODLAND', 'ROUND SNACK BOXES SET OF4 WOODLAND']","['DOLLY GIRL LUNCH BOX', 'ROUND SNACK BOXES SET OF4 WOODLAND', 'SPACEBOY LUNCH BOX']",['BASKET OF TOADSTOOLS'],['CHARLOTTE BAG DOLLY GIRL DESIGN'],['MINI WOODEN HAPPY BIRTHDAY GARLAND'],['PACK OF 12 TRADITIONAL CRAYONS'],['PICTURE DOMINOES'],['RIBBON REEL FLORA + FAUNA'],"['SET 3 RETROSPOT TEA,COFFEE,SUGAR']",['SET OF 72 PINK HEART PAPER DOILIES'],['SET OF 72 RETROSPOT PAPER  DOILIES'],['STRAWBERRY   PICNIC BAG'],['VICTORIAN SEWING BOX SMALL'],"['BASKET OF TOADSTOOLS', 'RED SPOTTY BISCUIT TIN']","['BASKET OF TOADSTOOLS', 'SET 3 RETROSPOT TEA,COFFEE,SUGAR']","['CHARLOTTE BAG DOLLY GIRL DESIGN', 'LUNCH BAG DOLLY GIRL DESIGN']","['CHARLOTTE BAG DOLLY GIRL DESIGN', 'RED SPOTTY BISCUIT TIN']","['LUNCH BAG DOLLY GIRL DESIGN', 'RED SPOTTY BISCUIT TIN']","['RED SPOTTY BISCUIT TIN', 'SET 3 RETROSPOT TEA,COFFEE,SUGAR']","['SET OF 72 PINK HEART PAPER DOILIES', 'SET OF 72 RETROSPOT PAPER  DOILIES']","['BASKET OF TOADSTOOLS', 'RED SPOTTY BISCUIT TIN', 'SET 3 RETROSPOT TEA,COFFEE,SUGAR']","['CHARLOTTE BAG DOLLY GIRL DESIGN', 'LUNCH BAG DOLLY GIRL DESIGN', 'RED SPOTTY BISCUIT TIN']",['AGED GLASS SILVER T-LIGHT HOLDER'],['CERAMIC CAKE STAND + HANGING CAKES'],['FELTCRAFT CUSHION OWL'],['GREEN REGENCY TEACUP AND SAUCER'],['OPEN CLOSED METAL SIGN'],['PINK REGENCY TEACUP AND SAUCER'],['RED HANGING HEART T-LIGHT HOLDER'],['WOOD BLACK BOARD ANT WHITE FINISH'],['WOODEN PICTURE FRAME WHITE FINISH'],"['AGED GLASS SILVER T-LIGHT HOLDER', 'WHITE HANGING HEART T-LIGHT HOLDER']","['ASSORTED COLOUR BIRD ORNAMENT', 'WHITE HANGING HEART T-LIGHT HOLDER']","['GREEN REGENCY TEACUP AND SAUCER', 'PINK REGENCY TEACUP AND SAUCER']","['GREEN REGENCY TEACUP AND SAUCER', 'ROSES REGENCY TEACUP AND SAUCER']","['PINK REGENCY TEACUP AND SAUCER', 'ROSES REGENCY TEACUP AND SAUCER']","['RED HANGING HEART T-LIGHT HOLDER', 'WHITE HANGING HEART T-LIGHT HOLDER']","['REGENCY CAKESTAND 3 TIER', 'ROSES REGENCY TEACUP AND SAUCER']","['REGENCY CAKESTAND 3 TIER', 'WOOD BLACK BOARD ANT WHITE FINISH']","['GREEN REGENCY TEACUP AND SAUCER', 'PINK REGENCY TEACUP AND SAUCER', 'ROSES REGENCY TEACUP AND SAUCER']",['BLACK KITCHEN SCALES'],['CHILDS BREAKFAST SET DOLLY GIRL'],['CHILDS BREAKFAST SET SPACEBOY'],['CHOCOLATE HOT WATER BOTTLE'],['COOK WITH WINE METAL SIGN'],['FAWN BLUE HOT WATER BOTTLE'],['GIN AND TONIC MUG'],['GLAMOROUS  MUG'],['HAND OVER THE CHOCOLATE   SIGN'],['HOLIDAY FUN LUDO'],['HOT WATER BOTTLE TEA AND SYMPATHY'],['LARGE POPCORN HOLDER'],['PACK OF 72 SKULL CAKE CASES'],['PANTRY MAGNETIC  SHOPPING LIST'],['PINK HEART SHAPE EGG FRYING PAN'],['RECIPE BOX BLUE SKETCHBOOK DESIGN'],['RECIPE BOX PANTRY YELLOW DESIGN'],['RED KITCHEN SCALES'],['SET OF 3 REGENCY CAKE TINS'],['SET OF TEA COFFEE SUGAR TINS PANTRY'],"['BLACK KITCHEN SCALES', 'BREAD BIN DINER STYLE IVORY']","['BLACK KITCHEN SCALES', 'IVORY KITCHEN SCALES']","['BREAD BIN DINER STYLE IVORY', 'IVORY KITCHEN SCALES']","['CHILDS BREAKFAST SET DOLLY GIRL', 'CHILDS BREAKFAST SET SPACEBOY']","['CHILDS BREAKFAST SET DOLLY GIRL', 'RED TOADSTOOL LED NIGHT LIGHT']","['CHILDS BREAKFAST SET SPACEBOY', 'RED TOADSTOOL LED NIGHT LIGHT']","['COOK WITH WINE METAL SIGN', 'PACK OF 72 SKULL CAKE CASES']","['COOK WITH WINE METAL SIGN', 'PINK HEART SHAPE EGG FRYING PAN']","['FAWN BLUE HOT WATER BOTTLE', 'SET OF 3 CAKE TINS PANTRY DESIGN']","['GIN AND TONIC MUG', 'RECIPE BOX PANTRY YELLOW DESIGN']","['GLAMOROUS  MUG', 'RECIPE BOX PANTRY YELLOW DESIGN']","['HOT WATER BOTTLE TEA AND SYMPATHY', 'RECIPE BOX PANTRY YELLOW DESIGN']","['HOT WATER BOTTLE TEA AND SYMPATHY', 'RECIPE BOX RETROSPOT']","['LARGE POPCORN HOLDER', 'PINK HEART SHAPE EGG FRYING PAN']","['PACK OF 60 PINK PAISLEY CAKE CASES', 'PACK OF 72 RETROSPOT CAKE CASES']","['PACK OF 60 PINK PAISLEY CAKE CASES', 'PLASTERS IN TIN SPACEBOY']","['PACK OF 72 SKULL CAKE CASES', 'PINK HEART SHAPE EGG FRYING PAN']","['PLASTERS IN TIN SPACEBOY', 'PLASTERS IN TIN VINTAGE PAISLEY']","['RECIPE BOX BLUE SKETCHBOOK DESIGN', 'RECIPE BOX PANTRY YELLOW DESIGN']","['RECIPE BOX PANTRY YELLOW DESIGN', 'RECIPE BOX RETROSPOT']","['REGENCY CAKESTAND 3 TIER', 'SET OF 3 CAKE TINS PANTRY DESIGN']","['SET OF 3 CAKE TINS PANTRY DESIGN', 'SET OF TEA COFFEE SUGAR TINS PANTRY']","['BLACK KITCHEN SCALES', 'BREAD BIN DINER STYLE IVORY', 'IVORY KITCHEN SCALES']","['CHILDS BREAKFAST SET DOLLY GIRL', 'CHILDS BREAKFAST SET SPACEBOY', 'RED TOADSTOOL LED NIGHT LIGHT']","['COOK WITH WINE METAL SIGN', 'PACK OF 72 SKULL CAKE CASES', 'PINK HEART SHAPE EGG FRYING PAN']","['HOT WATER BOTTLE TEA AND SYMPATHY', 'RECIPE BOX PANTRY YELLOW DESIGN', 'RECIPE BOX RETROSPOT']"
EIRE,1,1,1,1,1,1,1,1,0,0,0,0,0,0,0,0,0,0,0,0,0,0,0,0,0,0,0,0,0,0,0,0,0,0,0,0,0,0,0,0,0,0,0,0,0,0,0,0,0,0,0,0,0,0,0,0,0,0,0,0,0,0,0,0,0,0,0,0,0,0,0,0,0,0,0,0,0,0,0,0,0,0,0,0,0,0,0,0,0,0,0,0,0,0,0,0,0,0,0,0,0,0,0,0,0,0,0,0,0,0,0,0,0,0,0,0,0,0,0,0,0,0,0,0,0,0,0,0,0,0,0,0,0,0,0,0,0,0,0,0,0,0,0,0,0,0,0,0,0,0,0,0,0,0,0,0,0,0,0,0,0,0,0,0,0,0,0,0,0,0,0,0,0,0,0,0,0,0,0,0,0,0,0,0,0,0,0,0,0,0,0,0,0,0,0,0,0,0,0,0,0,0,0,0,0,0,0,0,0,0,0,0,0,0,0,0,0,0,0,0,0,0,0,0,0,0,0,0,0,0,0,0,0,0,0,0,0,0,0,0,0,0,0,0,0,0,0
Netherlands,0,0,0,0,0,0,0,1,1,1,1,1,1,1,1,1,1,1,1,1,1,1,1,1,1,1,1,1,0,0,0,0,0,0,0,0,0,0,0,0,0,0,0,0,0,0,0,0,0,0,0,0,0,0,0,0,0,0,0,0,0,0,0,0,0,0,0,0,0,0,0,0,0,0,0,0,0,0,0,0,0,0,0,0,0,0,0,0,0,0,0,0,0,0,0,0,0,0,0,0,0,0,0,0,0,0,0,0,0,0,0,0,0,0,0,0,0,0,0,0,0,0,0,0,0,0,0,0,0,0,0,0,0,0,0,0,0,0,0,0,0,0,0,0,0,0,0,0,0,0,0,0,0,0,0,0,0,0,0,0,0,0,0,0,0,0,0,0,0,0,0,0,0,0,0,0,0,0,0,0,0,0,0,0,0,0,0,0,0,0,0,0,0,0,0,0,0,0,0,0,0,0,0,0,0,0,0,0,0,0,0,0,0,0,0,0,0,0,0,0,0,0,0,0,0,0,0,0,0,0,0,0,0,0,0,0,0,0,0,0,0,0,0,0,0,0,0
Italy,0,0,0,0,1,0,0,1,0,0,0,0,0,0,0,1,0,1,0,0,1,0,0,0,1,0,0,0,1,1,1,1,1,1,1,1,1,1,1,1,1,1,0,0,0,0,0,0,0,0,0,0,0,0,0,0,0,0,0,0,0,0,0,0,0,0,0,0,0,0,0,0,0,0,0,0,0,0,0,0,0,0,0,0,0,0,0,0,0,0,0,0,0,0,0,0,0,0,0,0,0,0,0,0,0,0,0,0,0,0,0,0,0,0,0,0,0,0,0,0,0,0,0,0,0,0,0,0,0,0,0,0,0,0,0,0,0,0,0,0,0,0,0,0,0,0,0,0,0,0,0,0,0,0,0,0,0,0,0,0,0,0,0,0,0,0,0,0,0,0,0,0,0,0,0,0,0,0,0,0,0,0,0,0,0,0,0,0,0,0,0,0,0,0,0,0,0,0,0,0,0,0,0,0,0,0,0,0,0,0,0,0,0,0,0,0,0,0,0,0,0,0,0,0,0,0,0,0,0,0,0,0,0,0,0,0,0,0,0,0,0,0,0,0,0,0,0
Portugal,0,1,0,0,0,0,0,0,0,0,0,0,0,0,0,0,0,0,0,0,0,0,0,0,0,0,0,0,0,0,0,0,0,0,0,0,0,1,0,0,0,0,1,1,1,1,1,1,1,1,1,1,1,1,1,1,1,1,1,1,1,1,1,1,1,0,0,0,0,0,0,0,0,0,0,0,0,0,0,0,0,0,0,0,0,0,0,0,0,0,0,0,0,0,0,0,0,0,0,0,0,0,0,0,0,0,0,0,0,0,0,0,0,0,0,0,0,0,0,0,0,0,0,0,0,0,0,0,0,0,0,0,0,0,0,0,0,0,0,0,0,0,0,0,0,0,0,0,0,0,0,0,0,0,0,0,0,0,0,0,0,0,0,0,0,0,0,0,0,0,0,0,0,0,0,0,0,0,0,0,0,0,0,0,0,0,0,0,0,0,0,0,0,0,0,0,0,0,0,0,0,0,0,0,0,0,0,0,0,0,0,0,0,0,0,0,0,0,0,0,0,0,0,0,0,0,0,0,0,0,0,0,0,0,0,0,0,0,0,0,0,0,0,0,0,0,0
Norway,0,0,0,1,1,0,0,0,1,0,0,0,0,0,0,0,1,1,1,0,0,0,0,0,0,0,0,0,1,0,0,0,0,0,1,0,0,0,1,0,0,0,0,0,0,0,0,0,0,0,0,0,0,1,1,0,0,0,0,0,0,0,0,0,0,0,0,0,0,0,0,1,0,0,0,1,0,0,0,0,0,0,0,0,0,0,0,0,0,0,0,0,0,0,0,0,0,0,0,0,0,0,1,1,0,0,0,0,1,0,0,1,0,0,0,0,0,0,0,0,0,0,0,0,0,0,0,0,0,0,0,0,0,0,0,0,0,0,0,1,0,0,0,0,0,0,0,0,0,0,0,0,0,0,0,0,0,1,0,0,0,0,0,0,0,0,0,0,0,0,0,0,0,0,0,0,0,0,0,0,0,0,0,0,0,0,0,0,0,0,0,0,0,0,0,0,0,0,0,0,0,1,1,1,1,1,1,1,1,1,1,1,1,1,1,1,1,1,1,1,1,1,1,1,1,1,1,1,1,1,1,1,1,1,1,1,1,1,1,1,1,1,1,1,1,1,1
Denmark,0,0,0,0,0,0,0,0,1,0,0,0,0,0,0,1,1,0,1,1,0,0,1,0,0,1,0,0,0,0,0,0,0,0,0,0,0,0,0,0,0,0,0,0,0,0,0,0,0,0,0,0,0,0,0,0,0,0,0,0,0,0,0,0,0,1,1,1,1,1,1,1,1,1,1,1,1,1,1,1,1,1,1,1,1,1,1,1,1,0,0,0,0,0,0,0,0,0,0,0,0,0,0,0,0,0,0,0,0,0,0,0,0,0,0,0,0,0,0,0,0,0,0,0,0,0,0,0,0,0,0,0,0,0,0,0,0,0,0,0,0,0,0,0,0,0,0,0,0,0,0,0,0,0,0,0,0,0,0,0,0,0,0,0,0,0,0,0,0,0,0,0,0,0,0,0,0,0,0,0,0,0,0,0,0,0,0,0,0,0,0,0,0,0,0,0,0,0,0,0,0,0,0,0,0,0,0,0,0,0,0,0,0,0,0,0,0,0,0,0,0,0,0,0,0,0,0,0,0,0,0,0,0,0,0,0,0,0,0,0,0,0,0,0,0,0,0
Finland,0,1,0,1,0,0,0,0,0,0,0,0,0,0,0,0,0,0,1,0,0,0,0,0,0,0,0,0,0,0,0,0,0,0,0,0,0,0,0,0,0,0,0,0,0,0,0,1,0,0,0,0,0,0,0,0,0,0,0,0,0,0,0,0,0,0,0,0,0,0,0,0,0,0,0,1,0,0,0,0,0,0,0,0,0,0,0,0,0,1,1,1,1,1,1,0,0,0,0,0,0,0,0,0,0,0,0,0,0,0,0,0,0,0,0,0,0,0,0,0,0,0,0,0,0,0,0,0,0,0,0,0,0,0,0,0,0,0,0,0,0,0,0,0,0,0,0,0,0,0,0,0,0,0,0,0,0,0,0,0,0,0,0,0,0,0,0,0,0,0,0,0,0,0,0,0,0,0,0,0,0,0,0,0,0,0,0,0,0,0,0,0,0,0,0,0,0,0,0,0,0,0,0,0,0,0,0,0,0,0,0,0,0,0,0,0,0,0,0,0,0,0,0,0,0,0,0,0,0,0,0,0,0,0,0,0,0,0,0,0,0,0,0,0,0,0,0
Channel Islands,1,0,1,1,1,0,0,1,0,0,0,0,1,0,0,0,0,0,0,0,0,0,0,0,0,0,0,0,0,0,1,0,0,0,0,0,0,0,0,0,0,0,0,0,0,0,1,1,0,0,0,1,0,0,0,0,0,0,0,0,0,0,0,0,0,0,0,0,0,0,0,0,0,0,0,0,0,0,0,0,0,0,0,0,0,0,0,0,0,0,0,0,0,0,0,1,1,1,1,1,1,1,1,1,1,1,1,1,1,1,1,1,1,1,1,1,1,1,1,1,1,1,1,1,1,1,1,1,1,1,1,1,0,0,0,0,0,0,0,0,0,0,0,0,0,0,0,0,0,0,0,0,0,0,0,0,0,0,0,0,0,0,0,0,0,0,0,0,0,0,0,0,0,0,0,0,0,0,0,0,0,0,0,0,0,0,0,0,0,0,0,0,0,0,0,0,0,0,0,0,0,0,0,0,0,0,0,0,0,0,0,0,0,0,0,0,0,0,0,0,0,0,0,0,0,0,0,0,0,0,0,0,0,0,0,0,0,0,0,0,0,0,0,0,0,0,0
Sweden,1,0,0,0,0,0,0,0,0,0,0,0,0,0,0,0,0,0,1,0,0,0,0,0,0,0,0,0,0,0,0,0,0,0,0,0,0,0,0,0,0,0,0,0,0,0,0,0,0,0,0,0,0,0,0,0,0,0,0,0,0,0,0,0,0,0,0,0,0,0,0,0,0,0,0,0,0,0,0,0,0,0,0,0,0,0,0,0,0,0,0,0,0,0,0,0,0,0,0,0,0,0,0,0,0,0,0,0,0,0,0,0,0,0,0,0,0,0,0,0,0,0,0,0,0,0,0,0,0,0,0,0,0,0,0,0,0,0,0,0,0,0,0,0,0,0,0,0,0,0,0,0,0,0,0,1,1,1,0,0,0,0,0,0,0,0,0,0,0,0,0,0,0,0,0,0,0,0,0,0,0,0,0,0,0,0,0,0,0,0,0,0,0,0,0,0,0,0,0,0,0,0,0,0,0,0,0,0,0,0,0,0,0,0,0,0,0,0,0,0,0,0,0,0,0,0,0,0,0,0,0,0,0,0,0,0,0,0,0,0,0,0,0,0,0,0,0
France,0,0,0,0,1,0,0,0,0,0,0,0,0,1,0,1,1,1,1,1,1,0,1,1,0,0,0,0,0,0,0,0,0,0,0,0,0,0,0,0,0,0,0,0,0,0,0,0,0,0,0,1,0,0,0,0,0,0,0,0,0,0,0,0,0,0,0,0,0,0,0,0,0,0,0,0,0,0,0,0,0,0,0,0,0,0,0,0,0,0,0,0,0,0,0,0,0,0,0,0,0,0,0,0,0,0,0,0,0,0,0,0,0,0,0,0,1,1,0,0,0,0,0,0,0,0,0,0,0,0,1,0,0,1,1,1,1,0,0,0,0,0,0,0,0,0,0,0,0,0,0,0,0,0,0,0,0,0,0,0,0,0,0,0,0,0,0,0,0,0,0,0,0,0,0,0,0,0,0,0,0,0,0,0,0,0,0,0,0,0,0,0,0,0,0,0,0,0,0,0,0,0,0,0,0,0,0,0,0,0,0,0,0,0,0,0,0,0,0,0,0,0,0,0,0,0,0,0,0,0,0,0,0,0,0,0,0,0,0,0,0,0,0,0,0,0,0
United Kingdom,0,0,0,0,0,0,0,1,0,0,0,0,0,0,0,0,0,0,0,0,0,0,0,0,0,0,0,0,0,0,0,0,0,0,0,0,0,0,0,0,0,0,0,0,0,0,0,0,0,0,0,0,0,0,0,0,0,0,0,0,0,0,0,0,0,0,0,0,0,0,0,0,0,0,0,0,0,0,0,0,0,0,0,0,0,0,0,0,0,0,0,0,0,0,0,0,0,0,0,0,0,0,0,0,0,0,0,0,0,0,0,0,0,0,0,0,0,0,0,0,0,0,0,0,0,0,0,0,0,0,0,0,0,0,0,0,0,0,0,0,0,0,0,0,0,0,0,0,0,0,0,0,0,0,0,0,0,0,0,0,0,0,0,0,0,0,0,0,0,0,0,0,0,0,0,0,0,0,0,0,0,0,0,0,0,0,0,0,0,0,0,0,0,0,0,0,0,0,0,0,0,0,0,0,0,0,0,0,0,0,0,0,0,0,0,0,0,0,0,0,0,0,0,0,0,0,0,0,0,0,0,0,0,0,0,0,0,0,0,0,0,0,0,0,0,0,0
Belgium,0,0,0,0,1,0,0,0,1,0,0,0,1,1,0,0,1,1,1,1,1,0,1,0,1,1,1,1,0,0,0,0,0,0,0,0,0,0,0,0,0,0,0,0,0,0,0,0,0,0,0,0,0,0,0,1,0,0,0,0,0,0,0,0,0,0,0,0,0,0,1,0,1,0,0,0,0,0,0,0,0,0,0,0,0,0,0,0,0,0,0,0,0,0,0,0,0,0,0,0,0,0,1,0,0,0,0,0,0,0,0,0,0,0,0,0,0,0,0,0,0,0,0,0,0,0,0,0,0,0,0,0,0,1,0,0,0,0,0,0,0,0,0,0,1,0,0,0,0,0,0,0,0,0,0,0,1,0,0,0,1,1,1,0,0,0,0,0,0,0,0,0,0,0,0,0,0,0,0,0,0,0,0,0,0,0,0,0,0,0,0,0,0,0,0,0,0,0,0,0,0,0,0,0,0,0,0,0,0,0,0,0,0,0,0,0,0,0,0,0,0,0,0,0,0,0,0,0,0,0,0,0,0,0,0,0,0,0,0,0,0,0,0,0,0,0,0
Austria,0,1,0,0,0,0,0,0,0,0,0,0,0,0,0,1,0,0,0,1,1,1,1,1,0,0,1,0,0,0,0,0,0,0,0,0,0,1,0,0,0,0,0,1,0,0,0,0,0,0,0,0,0,1,0,0,0,0,0,0,0,0,0,0,0,0,0,0,0,0,0,0,0,0,0,0,0,0,0,0,0,0,0,0,0,0,0,0,0,0,0,0,0,0,0,0,0,0,0,0,0,0,0,0,0,0,0,0,0,0,0,0,0,0,0,0,0,0,0,0,0,0,0,0,0,0,0,0,0,0,0,0,1,0,0,0,0,0,0,0,0,0,0,0,0,0,0,0,0,0,0,0,0,0,0,0,0,0,0,0,0,0,0,0,0,0,0,0,0,0,0,0,0,0,0,0,0,0,0,0,0,0,0,0,0,0,0,0,0,0,0,0,0,0,0,0,0,0,0,0,0,0,0,0,0,0,0,0,0,0,0,0,0,0,0,0,0,0,0,0,0,0,0,0,0,0,0,0,0,0,0,0,0,0,0,0,0,0,0,0,0,0,0,0,0,0,0
Australia,0,0,0,0,0,0,0,0,0,0,0,0,1,1,0,0,0,0,1,0,0,0,0,0,0,0,0,0,0,0,0,0,0,0,0,0,0,0,0,0,0,0,0,0,0,0,0,0,0,0,0,1,0,0,0,0,0,0,0,0,0,0,0,0,0,0,0,0,0,0,0,0,0,0,0,0,0,0,0,0,0,0,0,0,0,0,0,0,0,0,0,0,0,0,0,0,0,0,0,0,0,0,0,0,0,0,0,0,0,0,0,0,0,0,0,0,0,0,0,0,0,0,0,0,0,0,0,0,0,0,0,0,0,0,0,0,0,0,0,0,0,0,0,0,0,0,0,0,0,0,0,0,0,0,0,0,0,0,1,0,0,0,0,0,0,0,0,0,0,0,0,0,0,0,0,0,0,0,0,0,0,0,0,0,0,0,0,0,0,0,0,0,0,0,0,0,0,0,0,0,0,0,0,0,0,0,0,0,0,0,0,0,0,0,0,0,0,0,0,0,0,0,0,0,0,0,0,0,0,0,0,0,0,0,0,0,0,0,0,0,0,0,0,0,0,0,0
Germany,0,0,0,0,1,0,0,0,0,0,0,0,0,0,0,1,0,1,1,1,1,0,0,0,1,0,1,0,0,0,0,0,0,0,0,0,0,0,0,0,0,0,0,0,0,0,0,0,0,0,0,0,0,0,0,0,0,0,0,0,0,0,0,0,0,0,0,0,0,0,0,0,0,0,0,0,0,0,0,0,0,0,0,0,0,0,0,0,0,0,0,0,0,0,0,0,0,0,0,0,0,0,0,0,0,0,0,0,0,0,0,0,0,0,0,0,0,0,0,0,0,0,0,0,0,0,0,0,0,0,0,0,0,0,0,0,0,0,0,0,0,0,0,0,0,0,0,0,0,0,0,0,0,0,0,0,0,0,0,1,0,0,0,0,0,0,0,0,0,0,0,0,0,0,0,0,0,0,0,0,0,0,0,0,0,0,0,0,0,0,0,0,0,0,0,0,0,0,0,0,0,0,0,0,0,0,0,0,0,0,0,0,0,0,0,0,0,0,0,0,0,0,0,0,0,0,0,0,0,0,0,0,0,0,0,0,0,0,0,0,0,0,0,0,0,0,0
Switzerland,0,0,0,0,1,0,0,0,0,0,0,0,0,0,0,1,1,1,1,1,1,1,0,0,1,0,1,0,0,0,0,0,0,0,0,0,0,0,0,0,0,0,0,0,0,0,0,0,0,0,0,0,0,0,0,0,0,0,0,0,0,0,0,0,0,0,0,0,0,0,0,0,0,0,0,0,0,0,0,0,0,0,0,0,0,0,1,0,0,0,0,0,0,0,0,0,0,1,0,0,0,0,0,0,0,0,0,0,0,0,0,0,0,0,0,0,0,0,0,0,0,0,0,0,0,0,0,0,0,0,0,0,0,0,0,1,1,1,1,1,1,1,1,1,1,1,1,1,1,1,1,1,1,1,1,0,0,0,0,0,0,0,0,0,0,0,0,0,0,0,0,0,0,0,0,0,0,0,0,0,0,0,0,0,0,0,0,0,0,0,0,0,0,0,0,0,0,0,0,0,0,0,0,0,0,0,0,0,0,0,0,0,0,0,0,0,0,0,0,0,0,0,0,0,0,0,0,0,0,0,0,0,0,0,0,0,0,0,0,0,0,0,0,0,0,0,0
Japan,0,0,0,0,0,0,0,0,0,0,0,0,0,0,0,0,0,0,0,1,0,0,0,0,0,0,0,0,0,0,0,0,0,0,0,0,0,0,0,0,0,0,0,0,0,0,0,0,0,0,1,0,0,0,0,0,1,0,0,0,0,0,0,0,0,0,0,0,0,0,0,0,0,0,0,0,0,0,0,0,0,0,0,0,0,0,0,0,0,0,0,0,0,0,0,0,0,0,0,0,0,0,0,0,0,0,0,0,0,0,0,0,0,0,0,0,0,0,0,0,0,0,0,0,0,0,0,0,0,0,0,0,0,0,1,0,0,0,0,0,0,0,0,0,0,0,0,0,0,0,0,0,0,0,0,0,0,0,0,0,0,0,0,1,1,1,1,1,1,1,1,1,1,1,1,1,1,1,1,1,1,1,1,0,0,0,0,0,0,0,0,0,0,0,0,0,0,0,0,0,0,0,0,0,0,0,0,0,0,0,0,0,0,0,0,0,0,0,0,0,0,0,0,0,0,0,0,0,0,0,0,0,0,0,0,0,0,0,0,0,0,0,0,0,0,0,0
Cyprus,0,0,0,0,1,1,0,1,0,0,0,0,0,0,0,0,0,0,0,0,0,0,0,0,0,0,0,0,0,0,0,0,0,0,0,0,0,0,0,0,0,0,0,1,0,0,0,0,0,0,0,0,0,0,0,0,0,0,0,0,0,0,0,0,0,0,0,0,0,0,0,0,0,0,0,0,0,0,0,0,0,0,0,0,0,0,0,0,0,0,0,0,0,0,0,0,0,0,0,0,0,0,0,0,0,0,0,0,0,0,0,0,0,0,0,0,0,0,0,0,0,0,0,0,0,0,0,0,0,0,0,0,0,0,0,0,0,0,0,0,0,0,0,0,0,0,0,0,0,0,0,0,0,0,0,0,0,0,0,0,0,0,0,0,0,0,0,0,0,0,0,0,0,0,0,0,0,0,0,0,0,0,0,1,1,1,1,1,1,1,1,1,1,1,1,1,1,1,1,1,1,0,0,0,0,0,0,0,0,0,0,0,0,0,0,0,0,0,0,0,0,0,0,0,0,0,0,0,0,0,0,0,0,0,0,0,0,0,0,0,0,0,0,0,0,0,0
Spain,0,0,0,0,1,0,0,1,0,0,0,0,0,0,0,0,0,0,0,0,0,0,1,0,0,0,0,0,0,0,0,0,0,0,0,0,0,0,0,0,0,0,0,1,0,0,0,0,0,0,0,0,0,0,0,0,0,0,0,0,0,0,0,0,0,0,0,0,0,0,0,0,0,0,0,0,0,0,0,0,0,0,0,0,0,0,0,0,0,0,0,0,0,0,0,0,0,0,0,0,0,0,0,0,0,0,0,0,0,0,0,0,0,0,0,0,0,0,0,0,0,0,0,0,0,0,0,0,0,0,0,0,0,0,0,0,0,0,0,0,0,0,0,0,0,0,0,0,0,0,0,0,0,0,0,0,0,0,0,1,0,0,0,0,0,0,0,0,0,0,0,0,0,0,0,0,0,0,0,0,0,0,0,0,0,0,0,0,0,0,0,0,0,0,0,0,0,0,0,0,0,0,0,0,0,0,0,0,0,0,0,0,0,0,0,0,0,0,0,0,0,0,0,0,0,0,0,0,0,0,0,0,0,0,0,0,0,0,0,0,0,0,0,0,0,0,0
